,date,demand
0,2015-01-01,99635.03
1,2015-01-02,129606.00999999994
2,2015-01-03,142300.53999999998
3,2015-01-04,104330.715
4,2015-01-05,118132.19999999994
5,2015-01-06,130672.48499999994
6,2015-01-07,153514.82
7,2015-01-08,142015.65500000006
8,2015-01-09,121801.15499999998
9,2015-01-10,103043.66000000005
10,2015-01-11,99865.755
11,2015-01-12,131261.12500000006
12,2015-01-13,126527.35999999994
13,2015-01-14,119741.62
14,2015-01-15,118411.21999999994
15,2015-01-16,116690.76499999994
16,2015-01-17,99371.31
17,2015-01-18,97728.75
18,2015-01-19,116883.14999999998
19,2015-01-20,128968.125
20,2015-01-21,148702.505
21,2015-01-22,153232.1
22,2015-01-23,138095.19999999998
23,2015-01-24,116310.58999999998
24,2015-01-25,97959.46000000004
25,2015-01-26,103769.48000000004
26,2015-01-27,118393.31
27,2015-01-28,116763.72499999998
28,2015-01-29,119313.73
29,2015-01-30,121018.15
30,2015-01-31,103822.97
31,2015-02-01,100178.84
32,2015-02-02,118694.15999999996
33,2015-02-03,122880.13
34,2015-02-04,117398.03000000006
35,2015-02-05,122279.42500000006
36,2015-02-06,141837.005
37,2015-02-07,132138.36500000002
38,2015-02-08,112108.215
39,2015-02-09,126813.07500000006
40,2015-02-10,145948.56499999994
41,2015-02-11,149322.85
42,2015-02-12,131376.78000000006
43,2015-02-13,136070.62
44,2015-02-14,119692.025
45,2015-02-15,125287.70999999998
46,2015-02-16,131832.62999999998
47,2015-02-17,127666.01
48,2015-02-18,125972.765
49,2015-02-19,139399.68999999994
50,2015-02-20,139465.675
51,2015-02-21,136283.03
52,2015-02-22,138016.34999999998
53,2015-02-23,135255.815
54,2015-02-24,120263.51499999994
55,2015-02-25,130062.75499999998
56,2015-02-26,131525.85499999998
57,2015-02-27,131069.4
58,2015-02-28,116275.73
59,2015-03-01,103462.78
60,2015-03-02,123301.835
61,2015-03-03,126750.29
62,2015-03-04,120764.18499999994
63,2015-03-05,114967.345
64,2015-03-06,117053.75
65,2015-03-07,108344.575
66,2015-03-08,106348.78000000004
67,2015-03-09,108282.48
68,2015-03-10,125828.53
69,2015-03-11,124418.41500000002
70,2015-03-12,121683.65000000002
71,2015-03-13,120929.81500000002
72,2015-03-14,108738.82
73,2015-03-15,100170.29500000004
74,2015-03-16,123787.075
75,2015-03-17,125600.86
76,2015-03-18,127975.815
77,2015-03-19,128319.44999999994
78,2015-03-20,119491.32
79,2015-03-21,106754.8
80,2015-03-22,106555.02999999996
81,2015-03-23,122810.05
82,2015-03-24,123234.93499999998
83,2015-03-25,122268.86
84,2015-03-26,121998.2
85,2015-03-27,122346.33499999996
86,2015-03-28,112187.71499999995
87,2015-03-29,106418.665
88,2015-03-30,123061.87
89,2015-03-31,125795.32499999998
90,2015-04-01,122042.265
91,2015-04-02,113838.41000000006
92,2015-04-03,98891.06
93,2015-04-04,103999.17
94,2015-04-05,103685.45000000004
95,2015-04-06,107383.37
96,2015-04-07,120235.505
97,2015-04-08,122129.77499999994
98,2015-04-09,123990.76
99,2015-04-10,121753.115
100,2015-04-11,110034.16500000002
101,2015-04-12,103760.225
102,2015-04-13,125107.78
103,2015-04-14,127793.38
104,2015-04-15,126673.93499999998
105,2015-04-16,126937.94
106,2015-04-17,131031.41500000002
107,2015-04-18,109763.98499999996
108,2015-04-19,107160.54
109,2015-04-20,126696.19
110,2015-04-21,127973.585
111,2015-04-22,128598.49500000002
112,2015-04-23,126483.805
113,2015-04-24,126230.785
114,2015-04-25,111803.625
115,2015-04-26,108217.81999999998
116,2015-04-27,127855.22000000006
117,2015-04-28,132642.14000000007
118,2015-04-29,132814.615
119,2015-04-30,132669.58000000005
120,2015-05-01,126304.445
121,2015-05-02,108487.97500000003
122,2015-05-03,109233.34
123,2015-05-04,122375.47
124,2015-05-05,123734.865
125,2015-05-06,129121.86
126,2015-05-07,131237.185
127,2015-05-08,131138.73
128,2015-05-09,108377.05
129,2015-05-10,103811.27999999998
130,2015-05-11,123740.245
131,2015-05-12,129312.58
132,2015-05-13,136903.26999999993
133,2015-05-14,135217.65
134,2015-05-15,135172.41000000006
135,2015-05-16,117136.63
136,2015-05-17,111897.08500000004
137,2015-05-18,127524.8
138,2015-05-19,133235.47999999998
139,2015-05-20,127522.71
140,2015-05-21,135361.1950000001
141,2015-05-22,133422.45999999993
142,2015-05-23,119331.85
143,2015-05-24,118783.08500000006
144,2015-05-25,136690.92
145,2015-05-26,140886.99499999994
146,2015-05-27,133103.36999999994
147,2015-05-28,127900.235
148,2015-05-29,132338.94
149,2015-05-30,114669.79000000002
150,2015-05-31,113261.26
151,2015-06-01,140919.99500000002
152,2015-06-02,148534.505
153,2015-06-03,146902.94999999998
154,2015-06-04,147155.26500000007
155,2015-06-05,142625.03500000006
156,2015-06-06,120128.29499999998
157,2015-06-07,109609.68500000004
158,2015-06-08,110715.81499999996
159,2015-06-09,132854.13499999998
160,2015-06-10,144125.52500000005
161,2015-06-11,143465.445
162,2015-06-12,145005.62
163,2015-06-13,123754.55
164,2015-06-14,119125.62
165,2015-06-15,136054.145
166,2015-06-16,139073.785
167,2015-06-17,134290.46000000002
168,2015-06-18,137073.77500000002
169,2015-06-19,139781.24500000002
170,2015-06-20,129576.36
171,2015-06-21,124910.57000000002
172,2015-06-22,140431.36
173,2015-06-23,133171.39999999994
174,2015-06-24,135407.56999999998
175,2015-06-25,137379.23
176,2015-06-26,135562.075
177,2015-06-27,124587.43
178,2015-06-28,119277.48
179,2015-06-29,139468.15500000006
180,2015-06-30,143170.055
181,2015-07-01,138930.99999999994
182,2015-07-02,138972.42500000002
183,2015-07-03,145713.81000000006
184,2015-07-04,130073.26999999996
185,2015-07-05,117312.925
186,2015-07-06,143176.33500000002
187,2015-07-07,143984.39
188,2015-07-08,141696.295
189,2015-07-09,141994.37500000006
190,2015-07-10,136884.09499999994
191,2015-07-11,123971.70499999994
192,2015-07-12,124790.69500000008
193,2015-07-13,138680.33500000002
194,2015-07-14,150671.105
195,2015-07-15,151270.54000000007
196,2015-07-16,144797.98
197,2015-07-17,142965.47999999998
198,2015-07-18,130187.44500000008
199,2015-07-19,131141.35500000007
200,2015-07-20,146154.37000000002
201,2015-07-21,138931.81
202,2015-07-22,138418.835
203,2015-07-23,142316.29499999995
204,2015-07-24,136837.15500000006
205,2015-07-25,121021.42500000002
206,2015-07-26,120396.735
207,2015-07-27,142470.4299999999
208,2015-07-28,144008.37
209,2015-07-29,142637.76000000007
210,2015-07-30,143544.11
211,2015-07-31,139584.955
212,2015-08-01,125032.57
213,2015-08-02,117638.06500000006
214,2015-08-03,141451.725
215,2015-08-04,147550.18499999994
216,2015-08-05,142325.99
217,2015-08-06,143642.35500000007
218,2015-08-07,143060.33000000005
219,2015-08-08,125830.53499999996
220,2015-08-09,120008.455
221,2015-08-10,130978.09500000006
222,2015-08-11,135616.12500000006
223,2015-08-12,138900.5
224,2015-08-13,140905.85
225,2015-08-14,137838.92500000002
226,2015-08-15,122088.76
227,2015-08-16,116648.76999999996
228,2015-08-17,137008.71
229,2015-08-18,148093.96000000005
230,2015-08-19,144024.66
231,2015-08-20,131575.78999999998
232,2015-08-21,126570.47
233,2015-08-22,112275.14999999998
234,2015-08-23,111793.015
235,2015-08-24,128868.255
236,2015-08-25,135051.545
237,2015-08-26,135914.68
238,2015-08-27,141159.77
239,2015-08-28,134755.505
240,2015-08-29,124448.5
241,2015-08-30,116744.215
242,2015-08-31,137724.89499999993
243,2015-09-01,134116.77
244,2015-09-02,132794.715
245,2015-09-03,132096.335
246,2015-09-04,131384.87999999998
247,2015-09-05,115799.32
248,2015-09-06,109641.375
249,2015-09-07,131619.365
250,2015-09-08,136340.69999999998
251,2015-09-09,132977.45
252,2015-09-10,133541.98
253,2015-09-11,123968.9
254,2015-09-12,108790.00500000002
255,2015-09-13,99161.765
256,2015-09-14,116574.16999999994
257,2015-09-15,123750.5
258,2015-09-16,131795.48500000002
259,2015-09-17,131050.675
260,2015-09-18,130764.58500000002
261,2015-09-19,112377.185
262,2015-09-20,103708.925
263,2015-09-21,120096.70999999998
264,2015-09-22,127755.09499999994
265,2015-09-23,131866.73
266,2015-09-24,130937.62500000006
267,2015-09-25,124278.93
268,2015-09-26,111064.48999999998
269,2015-09-27,106431.815
270,2015-09-28,121796.71500000004
271,2015-09-29,126691.79999999994
272,2015-09-30,129641.245
273,2015-10-01,124356.415
274,2015-10-02,107544.145
275,2015-10-03,100598.55000000002
276,2015-10-04,103828.88
277,2015-10-05,125194.87
278,2015-10-06,127225.24500000004
279,2015-10-07,117282.76500000006
280,2015-10-08,122121.32500000006
281,2015-10-09,126989.905
282,2015-10-10,112604.82499999998
283,2015-10-11,105376.33500000002
284,2015-10-12,120916.215
285,2015-10-13,122830.38
286,2015-10-14,126919.19500000008
287,2015-10-15,130260.37000000002
288,2015-10-16,123985.97000000006
289,2015-10-17,104916.345
290,2015-10-18,100812.04
291,2015-10-19,120795.0
292,2015-10-20,126655.49000000006
293,2015-10-21,122368.88500000002
294,2015-10-22,121471.64000000006
295,2015-10-23,120420.70000000006
296,2015-10-24,106813.03
297,2015-10-25,102279.745
298,2015-10-26,115297.34
299,2015-10-27,116619.57000000002
300,2015-10-28,122887.41000000002
301,2015-10-29,124222.935
302,2015-10-30,121256.97000000006
303,2015-10-31,106353.44
304,2015-11-01,103629.645
305,2015-11-02,113791.75
306,2015-11-03,101793.035
307,2015-11-04,120177.94500000008
308,2015-11-05,125985.46499999998
309,2015-11-06,120505.585
310,2015-11-07,104269.79
311,2015-11-08,103793.08500000002
312,2015-11-09,127234.72
313,2015-11-10,121617.28
314,2015-11-11,121566.645
315,2015-11-12,123775.16
316,2015-11-13,117078.58500000002
317,2015-11-14,103646.63500000004
318,2015-11-15,99761.81
319,2015-11-16,124557.225
320,2015-11-17,131442.19999999998
321,2015-11-18,132353.755
322,2015-11-19,138118.70500000002
323,2015-11-20,123412.685
324,2015-11-21,102647.905
325,2015-11-22,98621.62
326,2015-11-23,114406.82499999998
327,2015-11-24,118894.305
328,2015-11-25,124728.87499999994
329,2015-11-26,112907.145
330,2015-11-27,117492.81999999998
331,2015-11-28,105011.19500000004
332,2015-11-29,102162.52999999996
333,2015-11-30,122452.415
334,2015-12-01,117115.61999999998
335,2015-12-02,115230.125
336,2015-12-03,121699.425
337,2015-12-04,129148.52
338,2015-12-05,115606.00500000002
339,2015-12-06,112025.29
340,2015-12-07,129059.645
341,2015-12-08,136800.91
342,2015-12-09,125965.02000000006
343,2015-12-10,125807.495
344,2015-12-11,116597.80999999998
345,2015-12-12,106139.41
346,2015-12-13,105218.515
347,2015-12-14,125784.95999999998
348,2015-12-15,129077.41000000006
349,2015-12-16,135930.08
350,2015-12-17,152366.30000000002
351,2015-12-18,158052.89
352,2015-12-19,154924.89
353,2015-12-20,133421.03
354,2015-12-21,113802.21
355,2015-12-22,119477.51500000006
356,2015-12-23,126553.115
357,2015-12-24,134583.25000000006
358,2015-12-25,119950.37000000002
359,2015-12-26,95093.295
360,2015-12-27,96394.94
361,2015-12-28,100048.44
362,2015-12-29,111647.54
363,2015-12-30,128552.13499999998
364,2015-12-31,146473.835
365,2016-01-01,116040.92499999994
366,2016-01-02,99622.63999999996
367,2016-01-03,97656.44500000002
368,2016-01-04,110932.505
369,2016-01-05,117873.58
370,2016-01-06,115064.265
371,2016-01-07,112392.695
372,2016-01-08,111879.54000000002
373,2016-01-09,105482.69500000004
374,2016-01-10,113049.145
375,2016-01-11,141133.08499999993
376,2016-01-12,135006.11
377,2016-01-13,160011.07499999998
378,2016-01-14,120396.335
379,2016-01-15,113244.79
380,2016-01-16,103046.17
381,2016-01-17,114097.07000000002
382,2016-01-18,147817.58500000002
383,2016-01-19,148612.37000000005
384,2016-01-20,142471.50999999998
385,2016-01-21,139450.61500000002
386,2016-01-22,129135.185
387,2016-01-23,108097.84500000004
388,2016-01-24,103396.30000000005
389,2016-01-25,112649.59999999996
390,2016-01-26,110152.815
391,2016-01-27,133718.035
392,2016-01-28,134169.83
393,2016-01-29,123615.21000000006
394,2016-01-30,107579.345
395,2016-01-31,101279.65
396,2016-02-01,121942.89499999996
397,2016-02-02,133989.155
398,2016-02-03,122594.475
399,2016-02-04,119919.605
400,2016-02-05,126330.55000000002
401,2016-02-06,123737.01
402,2016-02-07,124436.80999999998
403,2016-02-08,129327.22500000002
404,2016-02-09,131271.26499999998
405,2016-02-10,132265.005
406,2016-02-11,131003.79000000004
407,2016-02-12,133845.52000000002
408,2016-02-13,120839.995
409,2016-02-14,104364.735
410,2016-02-15,120863.325
411,2016-02-16,117062.03499999996
412,2016-02-17,119481.78999999998
413,2016-02-18,125964.18500000006
414,2016-02-19,122991.66000000002
415,2016-02-20,105911.71
416,2016-02-21,107884.355
417,2016-02-22,130527.325
418,2016-02-23,156924.83
419,2016-02-24,152419.415
420,2016-02-25,138064.85500000007
421,2016-02-26,122575.93499999998
422,2016-02-27,110545.83999999995
423,2016-02-28,105781.98500000002
424,2016-02-29,125400.08
425,2016-03-01,142242.595
426,2016-03-02,145182.97999999998
427,2016-03-03,136226.12
428,2016-03-04,149376.5700000001
429,2016-03-05,124692.31500000002
430,2016-03-06,117707.95
431,2016-03-07,131465.825
432,2016-03-08,160285.01499999998
433,2016-03-09,152599.125
434,2016-03-10,135635.70500000005
435,2016-03-11,141414.34999999998
436,2016-03-12,119690.755
437,2016-03-13,111329.61999999998
438,2016-03-14,105388.56999999996
439,2016-03-15,123073.98
440,2016-03-16,135047.625
441,2016-03-17,143184.8049999999
442,2016-03-18,118189.72000000006
443,2016-03-19,105484.09999999998
444,2016-03-20,100394.05999999998
445,2016-03-21,117796.71500000004
446,2016-03-22,124081.46
447,2016-03-23,126074.895
448,2016-03-24,125072.72999999998
449,2016-03-25,101740.88999999998
450,2016-03-26,102726.74499999997
451,2016-03-27,98324.64500000002
452,2016-03-28,102746.6
453,2016-03-29,118281.13
454,2016-03-30,122625.21
455,2016-03-31,122964.71499999998
456,2016-04-01,116321.6
457,2016-04-02,102832.72
458,2016-04-03,102084.00000000004
459,2016-04-04,120445.73500000002
460,2016-04-05,120371.23500000002
461,2016-04-06,125657.125
462,2016-04-07,125663.33000000002
463,2016-04-08,124266.885
464,2016-04-09,109044.89999999998
465,2016-04-10,99845.34500000004
466,2016-04-11,118614.00499999996
467,2016-04-12,123808.75999999998
468,2016-04-13,124686.63
469,2016-04-14,126519.06499999994
470,2016-04-15,124721.48500000002
471,2016-04-16,108525.965
472,2016-04-17,100526.305
473,2016-04-18,123441.82000000002
474,2016-04-19,126846.44500000002
475,2016-04-20,125204.785
476,2016-04-21,125514.13999999994
477,2016-04-22,120124.305
478,2016-04-23,108773.745
479,2016-04-24,105642.28000000004
480,2016-04-25,104072.435
481,2016-04-26,117437.665
482,2016-04-27,118531.5
483,2016-04-28,126847.01999999996
484,2016-04-29,122054.13
485,2016-04-30,103505.195
486,2016-05-01,98873.53499999996
487,2016-05-02,116969.62999999998
488,2016-05-03,119014.44500000002
489,2016-05-04,124525.185
490,2016-05-05,118192.05499999998
491,2016-05-06,120421.32
492,2016-05-07,106052.64
493,2016-05-08,103487.27999999998
494,2016-05-09,119781.135
495,2016-05-10,119611.88
496,2016-05-11,123616.28000000006
497,2016-05-12,120693.52999999998
498,2016-05-13,118800.06999999998
499,2016-05-14,101945.995
500,2016-05-15,99697.62
501,2016-05-16,121182.69499999992
502,2016-05-17,124209.40499999994
503,2016-05-18,124352.21499999994
504,2016-05-19,124392.29000000004
505,2016-05-20,127705.84000000004
506,2016-05-21,112336.78
507,2016-05-22,101618.98
508,2016-05-23,121424.41999999998
509,2016-05-24,131916.40499999994
510,2016-05-25,132170.05000000002
511,2016-05-26,137080.875
512,2016-05-27,134317.62000000002
513,2016-05-28,119938.795
514,2016-05-29,118751.96499999994
515,2016-05-30,134983.95499999993
516,2016-05-31,140402.15
517,2016-06-01,141195.03
518,2016-06-02,141292.55999999994
519,2016-06-03,137717.25499999995
520,2016-06-04,122764.33
521,2016-06-05,116052.805
522,2016-06-06,134829.75499999998
523,2016-06-07,135306.00500000006
524,2016-06-08,137305.35500000007
525,2016-06-09,132859.3049999999
526,2016-06-10,132209.51500000007
527,2016-06-11,120753.43000000002
528,2016-06-12,122771.53
529,2016-06-13,122106.95
530,2016-06-14,138466.56
531,2016-06-15,140904.58999999994
532,2016-06-16,140741.165
533,2016-06-17,138023.10999999993
534,2016-06-18,123162.185
535,2016-06-19,119662.165
536,2016-06-20,134435.115
537,2016-06-21,137511.31500000006
538,2016-06-22,133813.28499999997
539,2016-06-23,136740.005
540,2016-06-24,144658.37999999998
541,2016-06-25,131730.83500000002
542,2016-06-26,126455.935
543,2016-06-27,148639.99499999994
544,2016-06-28,142146.30999999994
545,2016-06-29,136071.965
546,2016-06-30,141078.46
547,2016-07-01,136676.715
548,2016-07-02,118683.565
549,2016-07-03,112556.405
550,2016-07-04,135712.245
551,2016-07-05,142401.79499999998
552,2016-07-06,134056.095
553,2016-07-07,138768.04499999998
554,2016-07-08,136690.05
555,2016-07-09,122369.53500000002
556,2016-07-10,119218.22999999998
557,2016-07-11,128207.125
558,2016-07-12,137582.195
559,2016-07-13,145728.26
560,2016-07-14,144103.70500000002
561,2016-07-15,141166.84999999995
562,2016-07-16,120659.14999999998
563,2016-07-17,113418.125
564,2016-07-18,127367.015
565,2016-07-19,137028.04999999993
566,2016-07-20,136850.14000000007
567,2016-07-21,136127.12499999994
568,2016-07-22,128777.82
569,2016-07-23,119888.57499999998
570,2016-07-24,120126.90499999998
571,2016-07-25,138134.63500000007
572,2016-07-26,146465.69000000006
573,2016-07-27,143209.75499999998
574,2016-07-28,142341.635
575,2016-07-29,139822.93000000002
576,2016-07-30,121548.535
577,2016-07-31,114481.27999999998
578,2016-08-01,137934.84499999994
579,2016-08-02,137301.69
580,2016-08-03,140922.71500000003
581,2016-08-04,142671.50999999998
582,2016-08-05,145491.33
583,2016-08-06,130907.09499999994
584,2016-08-07,120379.285
585,2016-08-08,138506.45
586,2016-08-09,132819.53499999997
587,2016-08-10,130616.66999999998
588,2016-08-11,138368.40000000002
589,2016-08-12,134885.67
590,2016-08-13,120382.805
591,2016-08-14,113066.245
592,2016-08-15,127906.24000000002
593,2016-08-16,124975.11
594,2016-08-17,132561.21999999994
595,2016-08-18,123434.50500000002
596,2016-08-19,132569.74
597,2016-08-20,121052.06
598,2016-08-21,119118.545
599,2016-08-22,139203.49999999994
600,2016-08-23,138640.38999999998
601,2016-08-24,141122.795
602,2016-08-25,139724.02500000002
603,2016-08-26,139920.54499999998
604,2016-08-27,119573.22000000002
605,2016-08-28,114832.42500000002
606,2016-08-29,125055.69
607,2016-08-30,133748.44
608,2016-08-31,128834.06499999994
609,2016-09-01,134246.16500000007
610,2016-09-02,135273.32499999992
611,2016-09-03,118621.95999999996
612,2016-09-04,110986.005
613,2016-09-05,127275.815
614,2016-09-06,129542.365
615,2016-09-07,123307.01999999996
616,2016-09-08,117722.95
617,2016-09-09,125432.605
618,2016-09-10,111412.99500000002
619,2016-09-11,109125.21499999998
620,2016-09-12,130967.28
621,2016-09-13,134720.155
622,2016-09-14,130650.87999999998
623,2016-09-15,134234.45000000007
624,2016-09-16,131734.10499999998
625,2016-09-17,106709.53999999998
626,2016-09-18,110314.625
627,2016-09-19,127391.09
628,2016-09-20,122664.30500000008
629,2016-09-21,127208.56999999992
630,2016-09-22,131357.34000000003
631,2016-09-23,127420.43000000008
632,2016-09-24,106776.27499999998
633,2016-09-25,105931.555
634,2016-09-26,124343.19
635,2016-09-27,126888.77
636,2016-09-28,121143.25
637,2016-09-29,122858.49
638,2016-09-30,113439.775
639,2016-10-01,109181.26
640,2016-10-02,97992.93
641,2016-10-03,115839.01000000002
642,2016-10-04,124089.47
643,2016-10-05,128558.38499999998
644,2016-10-06,115898.53999999998
645,2016-10-07,116197.73
646,2016-10-08,101300.77500000002
647,2016-10-09,94954.16
648,2016-10-10,116831.43
649,2016-10-11,124665.82
650,2016-10-12,128612.29999999994
651,2016-10-13,128242.765
652,2016-10-14,121731.485
653,2016-10-15,97887.485
654,2016-10-16,101793.03499999996
655,2016-10-17,116042.845
656,2016-10-18,123265.44000000002
657,2016-10-19,126362.045
658,2016-10-20,114867.16
659,2016-10-21,122975.285
660,2016-10-22,114184.195
661,2016-10-23,111289.0
662,2016-10-24,125270.16499999998
663,2016-10-25,117138.35499999994
664,2016-10-26,121605.395
665,2016-10-27,120142.43
666,2016-10-28,119820.71
667,2016-10-29,104191.10499999998
668,2016-10-30,94325.72
669,2016-10-31,110661.43000000002
670,2016-11-01,104976.21000000002
671,2016-11-02,119904.48
672,2016-11-03,118677.495
673,2016-11-04,113666.485
674,2016-11-05,101810.74999999996
675,2016-11-06,96934.925
676,2016-11-07,116230.34
677,2016-11-08,117794.595
678,2016-11-09,122131.11499999996
679,2016-11-10,122634.52999999998
680,2016-11-11,117953.885
681,2016-11-12,99907.32
682,2016-11-13,96805.925
683,2016-11-14,116817.15
684,2016-11-15,119905.59000000004
685,2016-11-16,122146.66
686,2016-11-17,122464.645
687,2016-11-18,121441.05000000002
688,2016-11-19,106868.5
689,2016-11-20,112098.335
690,2016-11-21,138681.81499999994
691,2016-11-22,126617.72
692,2016-11-23,118119.01000000002
693,2016-11-24,120308.545
694,2016-11-25,116011.56499999994
695,2016-11-26,104700.055
696,2016-11-27,102718.9
697,2016-11-28,118666.37
698,2016-11-29,119169.17
699,2016-11-30,121067.59
700,2016-12-01,113024.02
701,2016-12-02,109318.355
702,2016-12-03,98899.495
703,2016-12-04,97300.35999999996
704,2016-12-05,109670.0
705,2016-12-06,111228.06000000004
706,2016-12-07,112738.07999999994
707,2016-12-08,105445.64999999997
708,2016-12-09,105664.09
709,2016-12-10,98622.86499999998
710,2016-12-11,93673.18999999996
711,2016-12-12,120390.11000000002
712,2016-12-13,128831.64999999998
713,2016-12-14,111423.765
714,2016-12-15,107072.36000000002
715,2016-12-16,113698.06
716,2016-12-17,90227.48
717,2016-12-18,90911.085
718,2016-12-19,109260.30500000002
719,2016-12-20,106451.25500000002
720,2016-12-21,104389.50999999998
721,2016-12-22,105513.235
722,2016-12-23,112247.945
723,2016-12-24,114843.875
724,2016-12-25,114468.17
725,2016-12-26,106284.83
726,2016-12-27,99701.43
727,2016-12-28,123693.52
728,2016-12-29,135571.79499999998
729,2016-12-30,112141.83
730,2016-12-31,95728.14999999997
731,2017-01-01,89403.14500000002
732,2017-01-02,86507.46999999999
733,2017-01-03,97564.74499999998
734,2017-01-04,116606.79499999998
735,2017-01-05,128079.84500000006
736,2017-01-06,136308.735
737,2017-01-07,134955.02
738,2017-01-08,122777.025
739,2017-01-09,116211.99
740,2017-01-10,120366.31999999998
741,2017-01-11,111595.855
742,2017-01-12,118783.945
743,2017-01-13,111341.67499999996
744,2017-01-14,88996.62500000001
745,2017-01-15,90294.0
746,2017-01-16,120928.70500000002
747,2017-01-17,140517.64999999994
748,2017-01-18,111211.34999999998
749,2017-01-19,112371.41
750,2017-01-20,107937.68499999998
751,2017-01-21,96779.07
752,2017-01-22,103291.61
753,2017-01-23,141332.0549999999
754,2017-01-24,115664.15999999996
755,2017-01-25,111936.70000000004
756,2017-01-26,98590.06
757,2017-01-27,112513.82
758,2017-01-28,108336.53
759,2017-01-29,109020.58
760,2017-01-30,124292.95499999994
761,2017-01-31,112863.01000000002
762,2017-02-01,114133.72999999998
763,2017-02-02,110669.27
764,2017-02-03,117452.27
765,2017-02-04,117361.7
766,2017-02-05,110384.27500000002
767,2017-02-06,108761.36999999998
768,2017-02-07,111543.80999999995
769,2017-02-08,142213.66
770,2017-02-09,155060.61000000004
771,2017-02-10,138793.59
772,2017-02-11,111983.50999999998
773,2017-02-12,89003.15
774,2017-02-13,104844.105
775,2017-02-14,111613.05
776,2017-02-15,116299.39
777,2017-02-16,119947.59000000004
778,2017-02-17,111885.97000000004
779,2017-02-18,95623.35
780,2017-02-19,91280.02499999998
781,2017-02-20,105341.865
782,2017-02-21,112351.47
783,2017-02-22,116690.17
784,2017-02-23,117948.685
785,2017-02-24,111229.52
786,2017-02-25,95046.90500000004
787,2017-02-26,100495.61499999998
788,2017-02-27,131090.775
789,2017-02-28,140167.5
790,2017-03-01,137291.96999999994
791,2017-03-02,127633.27500000002
792,2017-03-03,124311.32999999994
793,2017-03-04,116083.29499999998
794,2017-03-05,103539.02
795,2017-03-06,116447.855
796,2017-03-07,117931.46000000002
797,2017-03-08,124370.76499999994
798,2017-03-09,129649.25
799,2017-03-10,125346.07500000006
800,2017-03-11,108816.80999999998
801,2017-03-12,102617.51
802,2017-03-13,104468.89999999998
803,2017-03-14,133227.785
804,2017-03-15,139672.835
805,2017-03-16,124255.975
806,2017-03-17,111612.07499999998
807,2017-03-18,107731.77999999996
808,2017-03-19,113593.82
809,2017-03-20,131980.985
810,2017-03-21,127625.365
811,2017-03-22,114696.36999999998
812,2017-03-23,111632.835
813,2017-03-24,115411.41000000002
814,2017-03-25,107465.98
815,2017-03-26,104189.1
816,2017-03-27,116237.22000000006
817,2017-03-28,111032.975
818,2017-03-29,109640.33000000002
819,2017-03-30,107491.86999999998
820,2017-03-31,110662.24500000004
821,2017-04-01,97402.265
822,2017-04-02,94477.09500000004
823,2017-04-03,107895.52499999998
824,2017-04-04,113138.67
825,2017-04-05,114191.34999999998
826,2017-04-06,114817.30500000002
827,2017-04-07,110160.025
828,2017-04-08,99084.73999999996
829,2017-04-09,96041.895
830,2017-04-10,113287.05500000002
831,2017-04-11,114159.965
832,2017-04-12,114335.995
833,2017-04-13,112704.04499999994
834,2017-04-14,97436.41
835,2017-04-15,99608.57
836,2017-04-16,96594.74499999998
837,2017-04-17,99945.495
838,2017-04-18,111955.175
839,2017-04-19,114436.97
840,2017-04-20,112816.67999999992
841,2017-04-21,114522.44
842,2017-04-22,102528.4
843,2017-04-23,97356.565
844,2017-04-24,109421.81500000002
845,2017-04-25,101548.73500000002
846,2017-04-26,116795.245
847,2017-04-27,126329.53
848,2017-04-28,120144.19
849,2017-04-29,104864.05000000002
850,2017-04-30,103756.53499999996
851,2017-05-01,115103.77499999998
852,2017-05-02,120718.63999999994
853,2017-05-03,129196.44499999998
854,2017-05-04,127260.05
855,2017-05-05,123150.385
856,2017-05-06,105013.07000000004
857,2017-05-07,107424.07
858,2017-05-08,125858.27000000006
859,2017-05-09,126760.71
860,2017-05-10,125747.73499999994
861,2017-05-11,128753.13
862,2017-05-12,123523.0
863,2017-05-13,109477.41999999995
864,2017-05-14,107497.03
865,2017-05-15,125871.91500000002
866,2017-05-16,127820.715
867,2017-05-17,125072.675
868,2017-05-18,122910.48000000004
869,2017-05-19,123351.44999999998
870,2017-05-20,109111.61500000002
871,2017-05-21,105912.16
872,2017-05-22,113551.03999999998
873,2017-05-23,119127.205
874,2017-05-24,121571.97
875,2017-05-25,124010.03
876,2017-05-26,123130.60000000006
877,2017-05-27,104643.67499999996
878,2017-05-28,110029.55
879,2017-05-29,130516.10000000006
880,2017-05-30,132762.38
881,2017-05-31,139030.79499999998
882,2017-06-01,140202.735
883,2017-06-02,136856.80000000002
884,2017-06-03,122161.405
885,2017-06-04,118953.95
886,2017-06-05,132877.44999999995
887,2017-06-06,133274.53
888,2017-06-07,136116.12
889,2017-06-08,139511.78000000006
890,2017-06-09,130994.54
891,2017-06-10,120698.91499999998
892,2017-06-11,113374.465
893,2017-06-12,117691.68499999998
894,2017-06-13,135184.95
895,2017-06-14,136253.42
896,2017-06-15,135303.25500000006
897,2017-06-16,135269.63499999998
898,2017-06-17,121178.67999999992
899,2017-06-18,116112.74000000002
900,2017-06-19,134925.74
901,2017-06-20,131996.96999999994
902,2017-06-21,139814.30000000002
903,2017-06-22,140348.57
904,2017-06-23,132029.57499999998
905,2017-06-24,122393.325
906,2017-06-25,118103.865
907,2017-06-26,138040.37999999998
908,2017-06-27,144526.62999999998
909,2017-06-28,141351.895
910,2017-06-29,138124.06000000006
911,2017-06-30,139275.77500000002
912,2017-07-01,125949.49999999994
913,2017-07-02,120137.45
914,2017-07-03,139765.32
915,2017-07-04,134029.805
916,2017-07-05,134084.665
917,2017-07-06,137899.71499999994
918,2017-07-07,134078.06999999998
919,2017-07-08,123687.97
920,2017-07-09,116064.03
921,2017-07-10,133132.32499999998
922,2017-07-11,137352.78
923,2017-07-12,138152.10499999998
924,2017-07-13,134622.38999999998
925,2017-07-14,131387.745
926,2017-07-15,124486.69500000002
927,2017-07-16,119927.64
928,2017-07-17,131868.24
929,2017-07-18,136121.83500000002
930,2017-07-19,133906.25999999998
931,2017-07-20,139316.28999999998
932,2017-07-21,140073.895
933,2017-07-22,122397.13
934,2017-07-23,118007.66500000002
935,2017-07-24,136330.59
936,2017-07-25,129699.26500000006
937,2017-07-26,133198.34
938,2017-07-27,136003.915
939,2017-07-28,130432.05000000006
940,2017-07-29,111331.23500000004
941,2017-07-30,107580.495
942,2017-07-31,132276.88000000006
943,2017-08-01,137617.88000000006
944,2017-08-02,140729.185
945,2017-08-03,151355.4299999999
946,2017-08-04,141647.895
947,2017-08-05,116696.45499999994
948,2017-08-06,117351.13999999994
949,2017-08-07,138963.17500000002
950,2017-08-08,139108.43499999994
951,2017-08-09,130044.37500000006
952,2017-08-10,122361.92500000006
953,2017-08-11,122862.34500000002
954,2017-08-12,113669.45
955,2017-08-13,106274.56
956,2017-08-14,121533.955
957,2017-08-15,127193.30000000006
958,2017-08-16,121445.38000000002
959,2017-08-17,129223.80499999998
960,2017-08-18,133562.985
961,2017-08-19,124852.67
962,2017-08-20,119798.99499999994
963,2017-08-21,140410.295
964,2017-08-22,133809.45500000002
965,2017-08-23,133056.82
966,2017-08-24,135619.93999999994
967,2017-08-25,133666.57499999995
968,2017-08-26,117444.10000000002
969,2017-08-27,115177.935
970,2017-08-28,139414.49500000002
971,2017-08-29,139814.04
972,2017-08-30,137513.46499999994
973,2017-08-31,133982.25499999998
974,2017-09-01,128707.425
975,2017-09-02,114098.115
976,2017-09-03,103964.33
977,2017-09-04,128001.055
978,2017-09-05,137696.66999999995
979,2017-09-06,134819.94499999998
980,2017-09-07,133405.71999999994
981,2017-09-08,132543.09999999995
982,2017-09-09,120454.01
983,2017-09-10,114584.065
984,2017-09-11,127169.03
985,2017-09-12,130906.89
986,2017-09-13,127192.315
987,2017-09-14,131986.8049999999
988,2017-09-15,128761.60499999998
989,2017-09-16,111301.56
990,2017-09-17,104766.0
991,2017-09-18,115123.54
992,2017-09-19,124033.95500000002
993,2017-09-20,123461.38
994,2017-09-21,119309.93
995,2017-09-22,116611.25
996,2017-09-23,101012.28999999996
997,2017-09-24,92608.24000000002
998,2017-09-25,119126.485
999,2017-09-26,124452.94000000002
1000,2017-09-27,119028.07
1001,2017-09-28,116655.85499999998
1002,2017-09-29,102847.25500000002
1003,2017-09-30,100701.82000000002
1004,2017-10-01,103556.74
1005,2017-10-02,119226.42000000006
1006,2017-10-03,118856.415
1007,2017-10-04,114604.62
1008,2017-10-05,113134.57999999994
1009,2017-10-06,118359.28
1010,2017-10-07,101974.595
1011,2017-10-08,97053.54500000004
1012,2017-10-09,111432.365
1013,2017-10-10,116556.425
1014,2017-10-11,114133.53999999994
1015,2017-10-12,113957.73500000002
1016,2017-10-13,117048.725
1017,2017-10-14,102037.165
1018,2017-10-15,98108.81500000002
1019,2017-10-16,115907.39500000002
1020,2017-10-17,117470.21999999994
1021,2017-10-18,121087.09999999998
1022,2017-10-19,118201.175
1023,2017-10-20,108412.66500000002
1024,2017-10-21,102195.97500000002
1025,2017-10-22,100571.03999999996
1026,2017-10-23,115549.43499999998
1027,2017-10-24,118010.31
1028,2017-10-25,115813.02999999994
1029,2017-10-26,117333.445
1030,2017-10-27,112633.265
1031,2017-10-28,100746.41999999995
1032,2017-10-29,92182.955
1033,2017-10-30,112227.65000000004
1034,2017-10-31,116179.47000000002
1035,2017-11-01,116632.08999999998
1036,2017-11-02,120470.78500000002
1037,2017-11-03,113451.99499999998
1038,2017-11-04,101610.81499999996
1039,2017-11-05,95368.165
1040,2017-11-06,104632.79
1041,2017-11-07,100592.295
1042,2017-11-08,111738.485
1043,2017-11-09,113539.935
1044,2017-11-10,115156.44499999998
1045,2017-11-11,104194.345
1046,2017-11-12,98774.23499999996
1047,2017-11-13,125795.84000000004
1048,2017-11-14,135420.81999999998
1049,2017-11-15,130385.05
1050,2017-11-16,116715.965
1051,2017-11-17,117797.62000000004
1052,2017-11-18,106730.21
1053,2017-11-19,101256.78
1054,2017-11-20,128658.26999999996
1055,2017-11-21,137151.495
1056,2017-11-22,138882.25
1057,2017-11-23,135162.11500000002
1058,2017-11-24,133951.29
1059,2017-11-25,121219.595
1060,2017-11-26,108717.875
1061,2017-11-27,115429.005
1062,2017-11-28,129798.46999999994
1063,2017-11-29,151730.94999999995
1064,2017-11-30,154632.33500000002
1065,2017-12-01,125141.89999999998
1066,2017-12-02,99234.22
1067,2017-12-03,92487.705
1068,2017-12-04,111625.98
1069,2017-12-05,113063.675
1070,2017-12-06,115383.13
1071,2017-12-07,115736.97
1072,2017-12-08,109568.47
1073,2017-12-09,99334.80000000002
1074,2017-12-10,97715.01
1075,2017-12-11,114680.185
1076,2017-12-12,121945.17500000002
1077,2017-12-13,146933.095
1078,2017-12-14,129280.81
1079,2017-12-15,120821.05499999992
1080,2017-12-16,110154.36000000004
1081,2017-12-17,107212.84
1082,2017-12-18,138949.675
1083,2017-12-19,142870.39500000002
1084,2017-12-20,114916.98999999996
1085,2017-12-21,114462.53000000006
1086,2017-12-22,116428.79000000002
1087,2017-12-23,109364.01
1088,2017-12-24,92856.22999999997
1089,2017-12-25,85094.37499999999
1090,2017-12-26,98638.855
1091,2017-12-27,128753.755
1092,2017-12-28,130699.15499999994
1093,2017-12-29,115572.045
1094,2017-12-30,96358.975
1095,2017-12-31,95700.48
1096,2018-01-01,95959.68499999998
1097,2018-01-02,105277.85000000002
1098,2018-01-03,106373.82500000004
1099,2018-01-04,113337.68499999994
1100,2018-01-05,123247.735
1101,2018-01-06,133705.845
1102,2018-01-07,107142.81500000002
1103,2018-01-08,118832.07
1104,2018-01-09,111361.04999999994
1105,2018-01-10,116530.04
1106,2018-01-11,139607.90499999994
1107,2018-01-12,132022.86999999994
1108,2018-01-13,98977.05
1109,2018-01-14,92021.68000000002
1110,2018-01-15,109389.095
1111,2018-01-16,116074.03
1112,2018-01-17,129286.36500000006
1113,2018-01-18,154648.06500000006
1114,2018-01-19,165070.595
1115,2018-01-20,124825.02499999998
1116,2018-01-21,127305.19999999994
1117,2018-01-22,137955.42500000002
1118,2018-01-23,128314.46999999994
1119,2018-01-24,128899.76500000006
1120,2018-01-25,139245.21
1121,2018-01-26,128599.46000000006
1122,2018-01-27,139114.58500000002
1123,2018-01-28,159436.69000000006
1124,2018-01-29,160437.56500000006
1125,2018-01-30,115239.57
1126,2018-01-31,108524.18
1127,2018-02-01,109949.21
1128,2018-02-02,112946.34000000004
1129,2018-02-03,104947.325
1130,2018-02-04,106065.93499999998
1131,2018-02-05,126465.96000000002
1132,2018-02-06,137539.725
1133,2018-02-07,159307.315
1134,2018-02-08,149473.00999999995
1135,2018-02-09,137101.87000000002
1136,2018-02-10,118113.8
1137,2018-02-11,100440.29
1138,2018-02-12,116209.13
1139,2018-02-13,124882.71500000004
1140,2018-02-14,115269.5
1141,2018-02-15,117260.24499999994
1142,2018-02-16,114736.355
1143,2018-02-17,105799.935
1144,2018-02-18,105085.51499999998
1145,2018-02-19,113116.425
1146,2018-02-20,120035.38500000002
1147,2018-02-21,124481.415
1148,2018-02-22,133607.065
1149,2018-02-23,136328.345
1150,2018-02-24,119226.43499999998
1151,2018-02-25,96305.06999999998
1152,2018-02-26,117952.365
1153,2018-02-27,127894.28500000006
1154,2018-02-28,123400.17
1155,2018-03-01,117346.25999999998
1156,2018-03-02,119960.33000000002
1157,2018-03-03,111096.30499999996
1158,2018-03-04,101334.19999999998
1159,2018-03-05,112527.285
1160,2018-03-06,113850.81
1161,2018-03-07,122717.49999999994
1162,2018-03-08,128732.59
1163,2018-03-09,127805.48500000002
1164,2018-03-10,120398.885
1165,2018-03-11,104486.18
1166,2018-03-12,97542.30999999998
1167,2018-03-13,112663.625
1168,2018-03-14,114195.34999999998
1169,2018-03-15,116045.27
1170,2018-03-16,116284.345
1171,2018-03-17,110715.12000000002
1172,2018-03-18,97262.70500000002
1173,2018-03-19,111617.94500000002
1174,2018-03-20,110794.26
1175,2018-03-21,111254.315
1176,2018-03-22,115020.505
1177,2018-03-23,119298.325
1178,2018-03-24,112312.69499999998
1179,2018-03-25,98918.515
1180,2018-03-26,112488.215
1181,2018-03-27,116809.36500000002
1182,2018-03-28,117744.00499999998
1183,2018-03-29,116457.26
1184,2018-03-30,97070.345
1185,2018-03-31,99687.63999999998
1186,2018-04-01,98817.03
1187,2018-04-02,98258.25
1188,2018-04-03,113381.53
1189,2018-04-04,115974.61
1190,2018-04-05,117551.695
1191,2018-04-06,115979.07
1192,2018-04-07,105938.475
1193,2018-04-08,100571.165
1194,2018-04-09,118702.92500000002
1195,2018-04-10,122423.01000000002
1196,2018-04-11,121944.99499999998
1197,2018-04-12,119876.63000000002
1198,2018-04-13,113609.76
1199,2018-04-14,105135.305
1200,2018-04-15,104123.39000000004
1201,2018-04-16,115694.63999999998
1202,2018-04-17,121092.85499999998
1203,2018-04-18,120784.875
1204,2018-04-19,120448.935
1205,2018-04-20,118324.09
1206,2018-04-21,107479.25999999997
1207,2018-04-22,103662.05
1208,2018-04-23,117799.97000000002
1209,2018-04-24,117642.645
1210,2018-04-25,106654.955
1211,2018-04-26,117617.51
1212,2018-04-27,119079.465
1213,2018-04-28,108613.37999999996
1214,2018-04-29,105277.715
1215,2018-04-30,121551.685
1216,2018-05-01,122642.23499999994
1217,2018-05-02,118716.59500000002
1218,2018-05-03,117357.835
1219,2018-05-04,116870.46000000006
1220,2018-05-05,106892.995
1221,2018-05-06,105840.39
1222,2018-05-07,118254.55499999998
1223,2018-05-08,122876.865
1224,2018-05-09,122721.46000000002
1225,2018-05-10,128518.50499999996
1226,2018-05-11,133467.37
1227,2018-05-12,111273.75499999996
1228,2018-05-13,108729.71
1229,2018-05-14,129885.95500000002
1230,2018-05-15,131900.52
1231,2018-05-16,133399.23
1232,2018-05-17,131757.155
1233,2018-05-18,127353.57499999994
1234,2018-05-19,119262.145
1235,2018-05-20,112349.26
1236,2018-05-21,124046.805
1237,2018-05-22,126922.995
1238,2018-05-23,129352.83000000002
1239,2018-05-24,129553.94
1240,2018-05-25,127957.56999999992
1241,2018-05-26,115384.08499999998
1242,2018-05-27,106044.51
1243,2018-05-28,119360.26500000006
1244,2018-05-29,123142.76
1245,2018-05-30,127830.62
1246,2018-05-31,131159.9450000001
1247,2018-06-01,135864.065
1248,2018-06-02,123226.07500000006
1249,2018-06-03,121177.585
1250,2018-06-04,135385.41
1251,2018-06-05,132975.13
1252,2018-06-06,132038.425
1253,2018-06-07,128577.62999999996
1254,2018-06-08,129910.015
1255,2018-06-09,120232.195
1256,2018-06-10,117037.86500000006
1257,2018-06-11,113420.98500000006
1258,2018-06-12,127261.29499999998
1259,2018-06-13,131574.605
1260,2018-06-14,130544.48500000002
1261,2018-06-15,133009.01
1262,2018-06-16,124351.23499999994
1263,2018-06-17,120785.59500000002
1264,2018-06-18,138518.735
1265,2018-06-19,143830.12
1266,2018-06-20,141305.88000000006
1267,2018-06-21,143542.01999999993
1268,2018-06-22,140296.40000000002
1269,2018-06-23,132165.425
1270,2018-06-24,125850.58000000006
1271,2018-06-25,141972.715
1272,2018-06-26,142842.4
1273,2018-06-27,148100.13
1274,2018-06-28,150445.47000000006
1275,2018-06-29,139188.47999999998
1276,2018-06-30,125394.425
1277,2018-07-01,124313.06999999998
1278,2018-07-02,140713.25500000006
1279,2018-07-03,135759.27500000002
1280,2018-07-04,128580.975
1281,2018-07-05,125861.60000000006
1282,2018-07-06,124242.52
1283,2018-07-07,119717.435
1284,2018-07-08,114562.21500000004
1285,2018-07-09,133874.47500000006
1286,2018-07-10,140342.99499999994
1287,2018-07-11,143461.125
1288,2018-07-12,145767.10000000006
1289,2018-07-13,140542.95
1290,2018-07-14,124491.52999999998
1291,2018-07-15,119464.315
1292,2018-07-16,137446.75
1293,2018-07-17,131367.08999999994
1294,2018-07-18,132856.72
1295,2018-07-19,133778.445
1296,2018-07-20,135728.40500000006
1297,2018-07-21,125928.62
1298,2018-07-22,114186.79999999994
1299,2018-07-23,134664.655
1300,2018-07-24,132967.19000000006
1301,2018-07-25,135308.29499999998
1302,2018-07-26,137634.12499999994
1303,2018-07-27,130119.49999999994
1304,2018-07-28,116942.94000000006
1305,2018-07-29,111555.0
1306,2018-07-30,135422.13499999998
1307,2018-07-31,129519.995
1308,2018-08-01,134004.96
1309,2018-08-02,129025.0
1310,2018-08-03,129740.31499999994
1311,2018-08-04,116238.175
1312,2018-08-05,104912.38
1313,2018-08-06,127198.78
1314,2018-08-07,131851.015
1315,2018-08-08,131939.49999999994
1316,2018-08-09,135670.99000000005
1317,2018-08-10,121875.355
1318,2018-08-11,119988.73500000002
1319,2018-08-12,115231.84999999998
1320,2018-08-13,127541.57
1321,2018-08-14,121073.45000000006
1322,2018-08-15,122602.115
1323,2018-08-16,131137.065
1324,2018-08-17,125189.54
1325,2018-08-18,116571.25999999994
1326,2018-08-19,119707.92999999998
1327,2018-08-20,138918.385
1328,2018-08-21,138424.25000000006
1329,2018-08-22,136240.84499999994
1330,2018-08-23,131956.72499999998
1331,2018-08-24,130210.94
1332,2018-08-25,116471.77499999998
1333,2018-08-26,111436.265
1334,2018-08-27,131280.84999999998
1335,2018-08-28,139563.09499999994
1336,2018-08-29,136032.16
1337,2018-08-30,139752.545
1338,2018-08-31,130466.915
1339,2018-09-01,116344.56500000006
1340,2018-09-02,118402.905
1341,2018-09-03,131448.995
1342,2018-09-04,128192.085
1343,2018-09-05,118307.15499999994
1344,2018-09-06,116467.36999999998
1345,2018-09-07,123583.52
1346,2018-09-08,109948.615
1347,2018-09-09,107838.95000000004
1348,2018-09-10,123132.625
1349,2018-09-11,111096.53
1350,2018-09-12,112935.04
1351,2018-09-13,117880.565
1352,2018-09-14,111213.15000000002
1353,2018-09-15,108632.35499999998
1354,2018-09-16,113030.005
1355,2018-09-17,118208.23999999998
1356,2018-09-18,119622.28500000006
1357,2018-09-19,123787.77000000006
1358,2018-09-20,125335.56999999998
1359,2018-09-21,120372.48
1360,2018-09-22,107731.72
1361,2018-09-23,107332.1
1362,2018-09-24,119535.715
1363,2018-09-25,124797.085
1364,2018-09-26,119238.345
1365,2018-09-27,110878.66999999998
1366,2018-09-28,108622.42
1367,2018-09-29,109315.06500000005
1368,2018-09-30,106236.22999999997
1369,2018-10-01,114466.63999999998
1370,2018-10-02,114458.20500000002
1371,2018-10-03,115490.835
1372,2018-10-04,115294.12
1373,2018-10-05,112576.54500000006
1374,2018-10-06,102988.14500000002
1375,2018-10-07,100476.70500000002
1376,2018-10-08,113945.5
1377,2018-10-09,116449.31
1378,2018-10-10,109551.08000000005
1379,2018-10-11,110432.33
1380,2018-10-12,110457.335
1381,2018-10-13,96584.74499999998
1382,2018-10-14,90918.615
1383,2018-10-15,108070.27499999998
1384,2018-10-16,113889.41
1385,2018-10-17,112592.26
1386,2018-10-18,112806.585
1387,2018-10-19,107940.16000000002
1388,2018-10-20,99368.85499999997
1389,2018-10-21,98427.53
1390,2018-10-22,105893.615
1391,2018-10-23,109241.565
1392,2018-10-24,111423.365
1393,2018-10-25,112414.39000000004
1394,2018-10-26,111145.12
1395,2018-10-27,97973.985
1396,2018-10-28,95624.015
1397,2018-10-29,110196.61499999996
1398,2018-10-30,113459.025
1399,2018-10-31,114402.74499999998
1400,2018-11-01,119350.665
1401,2018-11-02,116793.855
1402,2018-11-03,93859.285
1403,2018-11-04,96432.625
1404,2018-11-05,107014.075
1405,2018-11-06,100696.565
1406,2018-11-07,106387.19500000004
1407,2018-11-08,109430.37
1408,2018-11-09,112506.95
1409,2018-11-10,100203.55
1410,2018-11-11,94602.89
1411,2018-11-12,114159.595
1412,2018-11-13,120185.265
1413,2018-11-14,116487.58
1414,2018-11-15,108628.34
1415,2018-11-16,107405.925
1416,2018-11-17,90498.92
1417,2018-11-18,92043.13
1418,2018-11-19,113978.535
1419,2018-11-20,118330.62499999994
1420,2018-11-21,106618.19499999998
1421,2018-11-22,107278.83
1422,2018-11-23,113582.6
1423,2018-11-24,101352.12
1424,2018-11-25,96240.40999999996
1425,2018-11-26,110547.60500000004
1426,2018-11-27,109706.42000000004
1427,2018-11-28,106684.825
1428,2018-11-29,112586.74
1429,2018-11-30,110031.81999999998
1430,2018-12-01,100725.23999999998
1431,2018-12-02,88903.065
1432,2018-12-03,107666.305
1433,2018-12-04,111718.075
1434,2018-12-05,114225.12000000002
1435,2018-12-06,135452.26
1436,2018-12-07,156648.40500000006
1437,2018-12-08,121237.47
1438,2018-12-09,102161.115
1439,2018-12-10,110803.76499999998
1440,2018-12-11,114413.785
1441,2018-12-12,129715.465
1442,2018-12-13,114986.33000000002
1443,2018-12-14,110025.465
1444,2018-12-15,102577.145
1445,2018-12-16,99110.77500000002
1446,2018-12-17,112804.4
1447,2018-12-18,113485.10500000004
1448,2018-12-19,119907.24499999998
1449,2018-12-20,111880.525
1450,2018-12-21,102075.925
1451,2018-12-22,92725.73999999998
1452,2018-12-23,94938.395
1453,2018-12-24,112358.81500000002
1454,2018-12-25,98191.65500000004
1455,2018-12-26,100017.195
1456,2018-12-27,129749.14
1457,2018-12-28,133831.37499999994
1458,2018-12-29,108290.11000000004
1459,2018-12-30,99613.86499999998
1460,2018-12-31,103381.915
1461,2019-01-01,98933.06
1462,2019-01-02,106470.67500000002
1463,2019-01-03,118789.605
1464,2019-01-04,133288.46
1465,2019-01-05,97262.79
1466,2019-01-06,93606.21500000004
1467,2019-01-07,109874.89999999997
1468,2019-01-08,113446.09999999998
1469,2019-01-09,105483.435
1470,2019-01-10,108078.695
1471,2019-01-11,119728.635
1472,2019-01-12,108628.96000000002
1473,2019-01-13,101853.23999999998
1474,2019-01-14,147070.535
1475,2019-01-15,152496.24500000005
1476,2019-01-16,136971.75500000006
1477,2019-01-17,145211.49000000002
1478,2019-01-18,134898.21000000002
1479,2019-01-19,101692.44999999998
1480,2019-01-20,102283.13
1481,2019-01-21,130517.97000000002
1482,2019-01-22,141444.78000000006
1483,2019-01-23,125501.15
1484,2019-01-24,155891.345
1485,2019-01-25,168894.845
1486,2019-01-26,114818.665
1487,2019-01-27,99801.575
1488,2019-01-28,112374.63
1489,2019-01-29,138455.45500000002
1490,2019-01-30,142113.375
1491,2019-01-31,110277.21
1492,2019-02-01,104422.79
1493,2019-02-02,124749.065
1494,2019-02-03,133287.58500000002
1495,2019-02-04,119168.96
1496,2019-02-05,119702.045
1497,2019-02-06,140497.81500000006
1498,2019-02-07,141593.545
1499,2019-02-08,117327.49500000002
1500,2019-02-09,95668.77000000003
1501,2019-02-10,94786.72
1502,2019-02-11,114085.64499999996
1503,2019-02-12,107697.20499999996
1504,2019-02-13,106692.84500000004
1505,2019-02-14,107655.08
1506,2019-02-15,113910.46
1507,2019-02-16,106467.235
1508,2019-02-17,108470.92500000002
1509,2019-02-18,116995.06500000006
1510,2019-02-19,110531.6
1511,2019-02-20,108972.30499999998
1512,2019-02-21,110235.33500000002
1513,2019-02-22,109901.76
1514,2019-02-23,99890.25000000004
1515,2019-02-24,106877.865
1516,2019-02-25,133476.60500000007
1517,2019-02-26,123114.11499999996
1518,2019-02-27,125272.27
1519,2019-02-28,150472.25499999998
1520,2019-03-01,163682.03999999998
1521,2019-03-02,146265.115
1522,2019-03-03,138597.69000000006
1523,2019-03-04,136528.80999999994
1524,2019-03-05,126073.52999999998
1525,2019-03-06,108723.615
1526,2019-03-07,114519.865
1527,2019-03-08,117281.20000000006
1528,2019-03-09,106854.93499999998
1529,2019-03-10,101994.055
1530,2019-03-11,103219.08000000002
1531,2019-03-12,110086.7
1532,2019-03-13,114740.51999999996
1533,2019-03-14,112785.78
1534,2019-03-15,111179.125
1535,2019-03-16,105119.47999999998
1536,2019-03-17,105669.04499999998
1537,2019-03-18,121954.385
1538,2019-03-19,123290.83499999998
1539,2019-03-20,123994.30000000002
1540,2019-03-21,124181.40500000006
1541,2019-03-22,128305.64
1542,2019-03-23,109147.65
1543,2019-03-24,104226.83000000005
1544,2019-03-25,107583.935
1545,2019-03-26,108840.18
1546,2019-03-27,113307.595
1547,2019-03-28,113923.16
1548,2019-03-29,110768.285
1549,2019-03-30,101262.655
1550,2019-03-31,101119.835
1551,2019-04-01,116817.42999999992
1552,2019-04-02,114927.20500000002
1553,2019-04-03,115188.76
1554,2019-04-04,113763.835
1555,2019-04-05,111484.73
1556,2019-04-06,102229.64500000002
1557,2019-04-07,93590.42500000002
1558,2019-04-08,108543.635
1559,2019-04-09,111999.04000000002
1560,2019-04-10,120858.98000000004
1561,2019-04-11,116890.61
1562,2019-04-12,114848.76999999996
1563,2019-04-13,105963.555
1564,2019-04-14,98680.0
1565,2019-04-15,114194.95500000006
1566,2019-04-16,115392.875
1567,2019-04-17,117281.13
1568,2019-04-18,111360.06500000006
1569,2019-04-19,95967.40499999998
1570,2019-04-20,95654.36
1571,2019-04-21,94810.66499999998
1572,2019-04-22,100246.51000000002
1573,2019-04-23,114240.885
1574,2019-04-24,113264.22999999998
1575,2019-04-25,98112.46500000004
1576,2019-04-26,107226.59
1577,2019-04-27,105374.93
1578,2019-04-28,101057.43
1579,2019-04-29,118307.525
1580,2019-04-30,110515.6
1581,2019-05-01,111462.385
1582,2019-05-02,112948.40000000002
1583,2019-05-03,110902.18500000004
1584,2019-05-04,103616.145
1585,2019-05-05,104770.705
1586,2019-05-06,121535.485
1587,2019-05-07,116318.435
1588,2019-05-08,118801.83999999998
1589,2019-05-09,122003.33500000002
1590,2019-05-10,123850.86000000006
1591,2019-05-11,113186.73500000002
1592,2019-05-12,110416.88000000003
1593,2019-05-13,119598.605
1594,2019-05-14,123005.30999999994
1595,2019-05-15,126264.77500000002
1596,2019-05-16,127389.485
1597,2019-05-17,126934.24000000006
1598,2019-05-18,112990.63499999998
1599,2019-05-19,104054.85
1600,2019-05-20,118733.42
1601,2019-05-21,121766.77000000006
1602,2019-05-22,122015.58999999994
1603,2019-05-23,119118.11000000002
1604,2019-05-24,118924.76499999994
1605,2019-05-25,104949.95000000004
1606,2019-05-26,106153.43
1607,2019-05-27,130229.29500000006
1608,2019-05-28,133799.65499999994
1609,2019-05-29,136301.49000000002
1610,2019-05-30,138857.13499999998
1611,2019-05-31,133869.14000000007
1612,2019-06-01,120653.43500000006
1613,2019-06-02,118086.93
1614,2019-06-03,135437.84999999998
1615,2019-06-04,136149.125
1616,2019-06-05,137844.81500000006
1617,2019-06-06,134971.775
1618,2019-06-07,132003.44000000006
1619,2019-06-08,117243.63
1620,2019-06-09,110669.41999999998
1621,2019-06-10,108133.03
1622,2019-06-11,122760.92000000006
1623,2019-06-12,128127.75
1624,2019-06-13,128535.19
1625,2019-06-14,128153.195
1626,2019-06-15,121097.84500000002
1627,2019-06-16,116811.39000000006
1628,2019-06-17,129972.91499999994
1629,2019-06-18,137922.21999999994
1630,2019-06-19,144737.11999999994
1631,2019-06-20,148609.59500000006
1632,2019-06-21,144504.33000000002
1633,2019-06-22,132829.28999999998
1634,2019-06-23,133525.32
1635,2019-06-24,146856.79999999993
1636,2019-06-25,145807.24999999994
1637,2019-06-26,139351.56000000006
1638,2019-06-27,131023.66000000002
1639,2019-06-28,123546.62
1640,2019-06-29,117924.12999999998
1641,2019-06-30,116150.91500000002
1642,2019-07-01,130565.58000000002
1643,2019-07-02,135866.74999999994
1644,2019-07-03,137327.7
1645,2019-07-04,135182.72499999998
1646,2019-07-05,132774.295
1647,2019-07-06,114660.90000000002
1648,2019-07-07,114469.88
1649,2019-07-08,127307.26000000002
1650,2019-07-09,133803.98500000004
1651,2019-07-10,127092.71499999998
1652,2019-07-11,133131.52
1653,2019-07-12,128384.14
1654,2019-07-13,123954.31
1655,2019-07-14,123740.26499999998
1656,2019-07-15,131739.2
1657,2019-07-16,132941.77
1658,2019-07-17,135339.82
1659,2019-07-18,134119.13999999998
1660,2019-07-19,132101.86
1661,2019-07-20,111288.905
1662,2019-07-21,111293.14999999998
1663,2019-07-22,123618.42
1664,2019-07-23,129008.62
1665,2019-07-24,135782.54499999998
1666,2019-07-25,132940.63
1667,2019-07-26,136493.13000000006
1668,2019-07-27,121958.69
1669,2019-07-28,118413.135
1670,2019-07-29,133205.18
1671,2019-07-30,138858.04499999998
1672,2019-07-31,140275.82999999993
1673,2019-08-01,137651.135
1674,2019-08-02,135633.88999999998
1675,2019-08-03,119933.69999999994
1676,2019-08-04,120350.215
1677,2019-08-05,125652.055
1678,2019-08-06,132120.39
1679,2019-08-07,136315.37999999995
1680,2019-08-08,133004.73
1681,2019-08-09,142555.10499999998
1682,2019-08-10,128554.60500000004
1683,2019-08-11,121028.32499999998
1684,2019-08-12,136683.39999999994
1685,2019-08-13,141474.26499999998
1686,2019-08-14,134681.435
1687,2019-08-15,128119.715
1688,2019-08-16,129781.155
1689,2019-08-17,115460.6
1690,2019-08-18,110816.37500000004
1691,2019-08-19,131067.25
1692,2019-08-20,131438.55
1693,2019-08-21,120747.08000000006
1694,2019-08-22,127697.98999999998
1695,2019-08-23,126763.36499999998
1696,2019-08-24,107303.475
1697,2019-08-25,113980.3
1698,2019-08-26,132704.365
1699,2019-08-27,130964.88499999998
1700,2019-08-28,137660.93999999994
1701,2019-08-29,134233.34499999994
1702,2019-08-30,131871.08
1703,2019-08-31,107616.03
1704,2019-09-01,106779.47500000002
1705,2019-09-02,121697.38000000002
1706,2019-09-03,118871.21499999998
1707,2019-09-04,122652.81000000006
1708,2019-09-05,120223.17499999994
1709,2019-09-06,122222.69000000002
1710,2019-09-07,115200.19
1711,2019-09-08,116999.07
1712,2019-09-09,130448.115
1713,2019-09-10,131665.01499999998
1714,2019-09-11,121100.04499999994
1715,2019-09-12,118723.07
1716,2019-09-13,120349.015
1717,2019-09-14,103500.955
1718,2019-09-15,105149.02
1719,2019-09-16,119362.235
1720,2019-09-17,124129.44
1721,2019-09-18,119715.70499999994
1722,2019-09-19,108102.56000000004
1723,2019-09-20,107222.345
1724,2019-09-21,101348.34999999996
1725,2019-09-22,102386.52500000002
1726,2019-09-23,121862.88500000002
1727,2019-09-24,125787.33
1728,2019-09-25,124302.93
1729,2019-09-26,117320.175
1730,2019-09-27,106043.01999999996
1731,2019-09-28,108762.31
1732,2019-09-29,104804.08999999998
1733,2019-09-30,121770.82000000002
1734,2019-10-01,117265.27500000002
1735,2019-10-02,110760.82499999998
1736,2019-10-03,109312.85
1737,2019-10-04,117512.56
1738,2019-10-05,101386.01
1739,2019-10-06,93011.345
1740,2019-10-07,113296.30999999994
1741,2019-10-08,117504.77500000002
1742,2019-10-09,122771.81999999998
1743,2019-10-10,123692.08000000002
1744,2019-10-11,115250.505
1745,2019-10-12,101053.365
1746,2019-10-13,94744.70000000004
1747,2019-10-14,110290.12
1748,2019-10-15,112052.12000000002
1749,2019-10-16,117533.72000000002
1750,2019-10-17,116690.04
1751,2019-10-18,109857.48499999996
1752,2019-10-19,102032.495
1753,2019-10-20,102684.515
1754,2019-10-21,114502.07000000002
1755,2019-10-22,114108.545
1756,2019-10-23,114281.61500000006
1757,2019-10-24,115442.655
1758,2019-10-25,109130.76999999996
1759,2019-10-26,96698.285
1760,2019-10-27,102830.55500000002
1761,2019-10-28,112634.635
1762,2019-10-29,111887.405
1763,2019-10-30,117375.73
1764,2019-10-31,121752.87500000006
1765,2019-11-01,130510.90500000006
1766,2019-11-02,105806.82499999995
1767,2019-11-03,96867.015
1768,2019-11-04,107279.84000000004
1769,2019-11-05,96817.00000000004
1770,2019-11-06,104381.38000000003
1771,2019-11-07,115132.64
1772,2019-11-08,113954.78
1773,2019-11-09,108924.78999999998
1774,2019-11-10,101550.045
1775,2019-11-11,106758.94999999998
1776,2019-11-12,104303.45999999996
1777,2019-11-13,112573.54
1778,2019-11-14,109828.93
1779,2019-11-15,110954.75499999996
1780,2019-11-16,97646.11999999998
1781,2019-11-17,96742.49000000002
1782,2019-11-18,109148.25000000004
1783,2019-11-19,112033.87
1784,2019-11-20,119736.125
1785,2019-11-21,131311.99999999994
1786,2019-11-22,109049.36500000002
1787,2019-11-23,97245.765
1788,2019-11-24,96778.25
1789,2019-11-25,113899.3
1790,2019-11-26,107629.15999999996
1791,2019-11-27,108417.695
1792,2019-11-28,112735.875
1793,2019-11-29,114799.90999999996
1794,2019-11-30,98959.56
1795,2019-12-01,100233.98
1796,2019-12-02,110609.40000000002
1797,2019-12-03,109094.04
1798,2019-12-04,107400.70499999996
1799,2019-12-05,107891.69
1800,2019-12-06,105028.98499999996
1801,2019-12-07,95436.29999999996
1802,2019-12-08,97577.415
1803,2019-12-09,127910.835
1804,2019-12-10,109548.62
1805,2019-12-11,109060.37500000004
1806,2019-12-12,108599.06500000002
1807,2019-12-13,107070.61
1808,2019-12-14,101239.23500000004
1809,2019-12-15,98723.45
1810,2019-12-16,114400.065
1811,2019-12-17,123999.07
1812,2019-12-18,146990.88999999998
1813,2019-12-19,125050.60999999994
1814,2019-12-20,150553.39999999994
1815,2019-12-21,100632.475
1816,2019-12-22,90145.61499999998
1817,2019-12-23,101818.025
1818,2019-12-24,102168.93
1819,2019-12-25,98312.74499999998
1820,2019-12-26,96120.52499999998
1821,2019-12-27,107256.065
1822,2019-12-28,113521.685
1823,2019-12-29,118293.525
1824,2019-12-30,140410.12500000006
1825,2019-12-31,95410.39000000004
1826,2020-01-01,89077.85499999998
1827,2020-01-02,102988.185
1828,2020-01-03,118922.21500000004
1829,2020-01-04,102245.61
1830,2020-01-05,95671.2
1831,2020-01-06,110253.59
1832,2020-01-07,109336.56
1833,2020-01-08,110038.62499999996
1834,2020-01-09,127365.59
1835,2020-01-10,122533.87999999998
1836,2020-01-11,91886.605
1837,2020-01-12,91797.59500000004
1838,2020-01-13,119653.94499999992
1839,2020-01-14,137302.60500000007
1840,2020-01-15,137408.225
1841,2020-01-16,109669.645
1842,2020-01-17,108108.175
1843,2020-01-18,105946.34
1844,2020-01-19,106921.555
1845,2020-01-20,116291.535
1846,2020-01-21,112128.19500000002
1847,2020-01-22,119287.15000000002
1848,2020-01-23,112254.83
1849,2020-01-24,109316.375
1850,2020-01-25,102445.88000000003
1851,2020-01-26,101233.20500000002
1852,2020-01-27,103134.45999999998
1853,2020-01-28,116190.55499999998
1854,2020-01-29,129812.91500000002
1855,2020-01-30,154816.49
1856,2020-01-31,170653.84000000003
1857,2020-02-01,131856.31499999994
1858,2020-02-02,97609.06000000004
1859,2020-02-03,105004.91
1860,2020-02-04,107034.06500000002
1861,2020-02-05,108988.44000000002
1862,2020-02-06,120569.46000000006
1863,2020-02-07,120734.85000000002
1864,2020-02-08,107864.445
1865,2020-02-09,103857.11000000002
1866,2020-02-10,122975.46
1867,2020-02-11,127110.58000000006
1868,2020-02-12,124618.56500000006
1869,2020-02-13,139137.18500000006
1870,2020-02-14,139855.62999999998
1871,2020-02-15,108300.635
1872,2020-02-16,100904.27
1873,2020-02-17,123351.84499999994
1874,2020-02-18,119178.12
1875,2020-02-19,109375.215
1876,2020-02-20,112202.14500000002
1877,2020-02-21,108949.055
1878,2020-02-22,96922.02
1879,2020-02-23,106129.665
1880,2020-02-24,122619.055
1881,2020-02-25,123558.425
1882,2020-02-26,108371.125
1883,2020-02-27,108675.40000000002
1884,2020-02-28,110006.97000000002
1885,2020-02-29,100380.94
1886,2020-03-01,101413.145
1887,2020-03-02,106359.95500000005
1888,2020-03-03,108746.37000000004
1889,2020-03-04,117505.625
1890,2020-03-05,119734.63500000004
1891,2020-03-06,111322.32499999998
1892,2020-03-07,96850.78
1893,2020-03-08,92553.29000000002
1894,2020-03-09,94641.69999999998
1895,2020-03-10,112142.54
1896,2020-03-11,118830.13999999998
1897,2020-03-12,120272.77499999994
1898,2020-03-13,115075.81
1899,2020-03-14,96016.19000000002
1900,2020-03-15,97664.93500000004
1901,2020-03-16,110586.81500000002
1902,2020-03-17,115254.185
1903,2020-03-18,121127.145
1904,2020-03-19,127266.86
1905,2020-03-20,111547.605
1906,2020-03-21,103999.335
1907,2020-03-22,97449.685
1908,2020-03-23,112906.94499999992
1909,2020-03-24,114935.545
1910,2020-03-25,113147.815
1911,2020-03-26,110088.00999999997
1912,2020-03-27,111958.24499999997
1913,2020-03-28,97923.715
1914,2020-03-29,95953.205
1915,2020-03-30,107687.51
1916,2020-03-31,109043.865
1917,2020-04-01,110991.625
1918,2020-04-02,116302.66499999994
1919,2020-04-03,104294.56999999996
1920,2020-04-04,101854.155
1921,2020-04-05,105098.025
1922,2020-04-06,118074.56500000002
1923,2020-04-07,118404.455
1924,2020-04-08,108404.00999999998
1925,2020-04-09,108587.52000000003
1926,2020-04-10,94831.23
1927,2020-04-11,92097.07
1928,2020-04-12,101760.08999999998
1929,2020-04-13,100025.89999999998
1930,2020-04-14,107849.83000000002
1931,2020-04-15,104547.34
1932,2020-04-16,106527.945
1933,2020-04-17,106943.49000000002
1934,2020-04-18,106888.54499999998
1935,2020-04-19,100737.835
1936,2020-04-20,109168.595
1937,2020-04-21,111417.63
1938,2020-04-22,113506.00999999998
1939,2020-04-23,112872.87999999998
1940,2020-04-24,106565.29499999995
1941,2020-04-25,96845.12
1942,2020-04-26,96572.935
1943,2020-04-27,113471.83000000006
1944,2020-04-28,112124.05999999998
1945,2020-04-29,121307.84
1946,2020-04-30,121353.33000000002
1947,2020-05-01,127238.875
1948,2020-05-02,111665.72500000002
1949,2020-05-03,109669.35499999997
1950,2020-05-04,126892.25999999998
1951,2020-05-05,118839.095
1952,2020-05-06,113214.27000000006
1953,2020-05-07,109642.75499999998
1954,2020-05-08,107914.05499999996
1955,2020-05-09,107786.25499999996
1956,2020-05-10,107555.19
1957,2020-05-11,122550.945
1958,2020-05-12,120767.79500000006
1959,2020-05-13,127145.14
1960,2020-05-14,129285.08999999998
1961,2020-05-15,129112.45
1962,2020-05-16,110420.89
1963,2020-05-17,109774.42500000002
1964,2020-05-18,120076.64499999996
1965,2020-05-19,119789.97
1966,2020-05-20,119803.98499999994
1967,2020-05-21,127563.61000000002
1968,2020-05-22,130472.2
1969,2020-05-23,115234.32
1970,2020-05-24,109579.81999999998
1971,2020-05-25,125532.575
1972,2020-05-26,126788.835
1973,2020-05-27,124189.8
1974,2020-05-28,124062.48500000006
1975,2020-05-29,120072.08999999998
1976,2020-05-30,102231.77000000002
1977,2020-05-31,102684.59
1978,2020-06-01,132039.70500000002
1979,2020-06-02,132710.36000000002
1980,2020-06-03,130801.825
1981,2020-06-04,133322.025
1982,2020-06-05,137368.465
1983,2020-06-06,126427.91999999994
1984,2020-06-07,119524.41
1985,2020-06-08,124792.97499999998
1986,2020-06-09,141571.295
1987,2020-06-10,137795.795
1988,2020-06-11,141444.44499999998
1989,2020-06-12,134684.58500000002
1990,2020-06-13,117394.45499999994
1991,2020-06-14,107553.005
1992,2020-06-15,121221.455
1993,2020-06-16,124473.66999999998
1994,2020-06-17,133969.69
1995,2020-06-18,130437.32499999998
1996,2020-06-19,120149.43499999998
1997,2020-06-20,109644.695
1998,2020-06-21,121528.37500000006
1999,2020-06-22,136373.43499999994
2000,2020-06-23,131904.745
2001,2020-06-24,133100.905
2002,2020-06-25,131466.24
2003,2020-06-26,136872.55999999994
2004,2020-06-27,126938.54
2005,2020-06-28,125830.75
2006,2020-06-29,141431.99000000005
2007,2020-06-30,137644.86499999993
2008,2020-07-01,126614.72000000002
2009,2020-07-02,131372.71000000002
2010,2020-07-03,143010.27000000002
2011,2020-07-04,125400.27
2012,2020-07-05,118507.76
2013,2020-07-06,136255.33500000002
2014,2020-07-07,140264.52
2015,2020-07-08,138627.11000000002
2016,2020-07-09,135266.16499999998
2017,2020-07-10,134041.23000000007
2018,2020-07-11,130088.95000000006
2019,2020-07-12,118837.05
2020,2020-07-13,130119.41
2021,2020-07-14,133668.935
2022,2020-07-15,135296.8
2023,2020-07-16,143158.89000000007
2024,2020-07-17,143109.35499999998
2025,2020-07-18,125303.885
2026,2020-07-19,114065.32000000002
2027,2020-07-20,132894.40999999997
2028,2020-07-21,140086.105
2029,2020-07-22,138666.10500000007
2030,2020-07-23,142476.365
2031,2020-07-24,133822.7
2032,2020-07-25,128417.22000000006
2033,2020-07-26,123014.555
2034,2020-07-27,132571.33000000005
2035,2020-07-28,132720.395
2036,2020-07-29,130547.73499999994
2037,2020-07-30,132583.63999999998
2038,2020-07-31,132105.75
2039,2020-08-01,111590.65
2040,2020-08-02,109935.335
2041,2020-08-03,127930.35500000004
2042,2020-08-04,140042.14500000005
2043,2020-08-05,140205.295
2044,2020-08-06,140835.175
2045,2020-08-07,144062.61
2046,2020-08-08,121119.265
2047,2020-08-09,111165.95500000002
2048,2020-08-10,125959.75
2049,2020-08-11,130141.225
2050,2020-08-12,127945.31000000006
2051,2020-08-13,121914.44000000006
2052,2020-08-14,124640.08999999994
2053,2020-08-15,113755.18000000002
2054,2020-08-16,111034.745
2055,2020-08-17,121520.57000000002
2056,2020-08-18,119321.855
2057,2020-08-19,129884.75
2058,2020-08-20,123490.855
2059,2020-08-21,125707.04
2060,2020-08-22,127131.37
2061,2020-08-23,117125.065
2062,2020-08-24,134984.79
2063,2020-08-25,138437.855
2064,2020-08-26,129322.31000000006
2065,2020-08-27,119044.42499999994
2066,2020-08-28,118809.07999999994
2067,2020-08-29,100166.885
2068,2020-08-30,98917.175
2069,2020-08-31,121605.39500000002
2070,2020-09-01,119645.18
2071,2020-09-02,113547.67
2072,2020-09-03,109327.46
2073,2020-09-04,114865.645
2074,2020-09-05,105534.01
2075,2020-09-06,95865.14
2076,2020-09-07,99778.2
2077,2020-09-08,112421.09
2078,2020-09-09,112140.47000000002
2079,2020-09-10,109328.33500000004
2080,2020-09-11,106643.05000000002
2081,2020-09-12,111644.60000000002
2082,2020-09-13,96225.90999999996
2083,2020-09-14,107196.60999999996
2084,2020-09-15,113008.77
2085,2020-09-16,110807.72
2086,2020-09-17,115643.44
2087,2020-09-18,112335.69999999995
2088,2020-09-19,93384.0
2089,2020-09-20,86891.23
2090,2020-09-21,100977.95000000004
2091,2020-09-22,103200.64
2092,2020-09-23,112412.44499999998
2093,2020-09-24,117535.71499999998
2094,2020-09-25,126354.67999999998
2095,2020-09-26,106694.96499999998
2096,2020-09-27,101703.49
2097,2020-09-28,114651.13999999994
2098,2020-09-29,112076.46
2099,2020-09-30,113620.21000000002
2100,2020-10-01,106641.79
2101,2020-10-02,99585.83499999998
2102,2020-10-03,92277.025
2103,2020-10-04,94081.56499999996
2104,2020-10-05,113610.03000000006
2105,2020-10-06,122607.56
